{"26405488_left": {"extrinsics": [0.1113325872574514, 0.8207481722451926, 0.04550905451430457, -1.64633974845365, -0.17857016318886476, -2.937663676632542], "timestamp": 1673597556.0704472}, "26405488_right": {"extrinsics": [-0.009417838799177, 0.7972668750161092, 0.0693151223699266, -1.6473025257925253, -0.18917295438381165, -2.942218897492042], "timestamp": 1673597557.3687217}, "19824535_left": {"extrinsics": [-0.0717602304977194, 0.030249862259127624, 0.021643582113360413, -0.3201233045544541, 0.011538308060483393, -1.5542739683577995], "timestamp": 1677640305.563582}, "19824535_right": {"extrinsics": [-0.07209363797258528, -0.03281813906864135, 0.017998755195879203, -0.32436696405490206, 0.009836032172402032, -1.5537792796597742], "timestamp": 1677640307.1347077}, "29838012_left": {"extrinsics": [0.48053273182223366, 0.5299654036057586, 0.245660085619809, -1.7616685685460647, -0.062440740186523014, -2.8936810407747586], "timestamp": 1677644648.9452915}, "29838012_right": {"extrinsics": [0.3641555537882152, 0.5006484976427618, 0.25361832494780456, -1.7581883435321213, -0.05917235893410688, -2.8914558088258975], "timestamp": 1677644651.0903218}, "23404442_left": {"extrinsics": [0.27212356897748596, -0.5628994740676119, 0.578296048242444, -2.049162252569442, -0.008677350714102472, -0.4644689436266725], "timestamp": 1677645446.151356}, "23404442_right": {"extrinsics": [0.38193119566889644, -0.6156794427147317, 0.5789577989139892, -2.048677647928307, -0.01110392356986023, -0.46396051060922266], "timestamp": 1677645447.989981}, "23748752_left": {"extrinsics": [0.3780020633881794, 0.5250612606937359, 0.49919914246512953, -2.398666693364708, 0.25353815991549444, -2.1224109808781964], "timestamp": 1680289879.016078}, "23748752_right": {"extrinsics": [0.31983559961905367, 0.42790036034003753, 0.46915217192720793, -2.3961922114416994, 0.25334828636124973, -2.120668521229183], "timestamp": 1680289881.1336274}, "14436910_left": {"extrinsics": [-0.078897887371197, 0.03085165396503867, 0.018675283951372457, -0.31780587508351393, -0.010403458243132935, -1.5626415295149674], "timestamp": 1680290675.504063}, "14436910_right": {"extrinsics": [-0.0780005523057329, -0.03117602292655163, 0.022046025999583656, -0.31558305037111095, -0.011018474340334983, -1.5646779711861631], "timestamp": 1680290678.201517}, "15512737_left": {"extrinsics": [-0.07467434278660992, 0.03436789000582314, 0.012975016332521242, -0.35200591251143076, -0.024987213687640786, -1.552388611773612], "intrinsics": [[735.8, 0.0, 636.1], [0.0, 735.8, 362.6], [0.0, 0.0, 1.0]], "timestamp": 1745372486.55371}, "15512737_right": {"extrinsics": [-0.07331077425180198, -0.027293940251696763, 0.0153485272934027, -0.34946731249607554, -0.024883364534649566, -1.5522123583215857], "intrinsics": [[735.8, 0.0, 636.1], [0.0, 735.8, 362.6], [0.0, 0.0, 1.0]], "timestamp": 1745372489.2632012}, "27085680_left": {"intrinsics": [[528.1298217773438, 0.0, 636.7890014648438], [0.0, 528.1298217773438, 372.2545166015625], [0.0, 0.0, 1.0]], "extrinsics": [0.3886034960526426, 0.23229619462772147, 0.47710087002972185, -2.38952750959832, -0.0768699185656474, -2.521066342926936], "timestamp": 1747127264.8427007}, "27085680_right": {"intrinsics": [[528.1298217773438, 0.0, 636.7890014648438], [0.0, 528.1298217773438, 372.2545166015625], [0.0, 0.0, 1.0]], "extrinsics": [0.29518896190140614, 0.16077156156432112, 0.4861685771053033, -2.3854452560317267, -0.07255430672402596, -2.5273624226635723], "timestamp": 1747127267.3260624}, "23007103_left": {"intrinsics": [[523.3589477539062, 0.0, 644.8385620117188], [0.0, 523.3589477539062, 345.36614990234375], [0.0, 0.0, 1.0]], "extrinsics": [0.31617839707668133, -0.28232478650634996, 0.5253607700695784, -2.525423320079571, 0.09324945145578978, -0.7012226527670198], "timestamp": 1747127481.806201}, "23007103_right": {"intrinsics": [[523.3589477539062, 0.0, 644.8385620117188], [0.0, 523.3589477539062, 345.36614990234375], [0.0, 0.0, 1.0]], "extrinsics": [0.40264852128014333, -0.35788087093209153, 0.5145165015596435, -2.524760601412459, 0.0894336006330041, -0.7017115005772483], "timestamp": 1747127484.2469082}, "25455306_left": {"intrinsics": [[527.5393676757812, 0.0, 633.5364379882812], [0.0, 527.5393676757812, 366.9621887207031], [0.0, 0.0, 1.0]], "extrinsics": [-0.06378228332236226, -0.5688886398413033, 0.7867255827193586, -2.245668282043278, -0.05892618748285394, -0.9020904781390884], "timestamp": 1747186701.9827638}, "25455306_right": {"intrinsics": [[527.5393676757812, 0.0, 633.5364379882812], [0.0, 527.5393676757812, 366.9621887207031], [0.0, 0.0, 1.0]], "extrinsics": [0.014139511224281129, -0.6650272824523367, 0.7913513585122619, -2.240364596980161, -0.05855358353626672, -0.8929913827992586], "timestamp": 1747186705.3533685}, "26368109_left": {"intrinsics": [[526.9390258789062, 0.0, 631.6224365234375], [0.0, 526.9390258789062, 367.0109558105469], [0.0, 0.0, 1.0]], "extrinsics": [-0.03195637686425401, 0.6521472748933967, 0.7625979369397385, -2.1056391715397824, -0.05165120017749314, -2.2768820243740544], "timestamp": 1747186407.7814076}, "26368109_right": {"intrinsics": [[526.9390258789062, 0.0, 631.6224365234375], [0.0, 526.9390258789062, 367.0109558105469], [0.0, 0.0, 1.0]], "extrinsics": [-0.11048743469911046, 0.5627300606469609, 0.7656153891765615, -2.100733651924463, -0.048196758377756055, -2.2841495858531404], "timestamp": 1747186410.0562208}}