{"26405488_left": {"extrinsics": [0.1113325872574514, 0.8207481722451926, 0.04550905451430457, -1.64633974845365, -0.17857016318886476, -2.937663676632542], "timestamp": 1673597556.0704472}, "26405488_right": {"extrinsics": [-0.009417838799177, 0.7972668750161092, 0.0693151223699266, -1.6473025257925253, -0.18917295438381165, -2.942218897492042], "timestamp": 1673597557.3687217}, "19824535_left": {"extrinsics": [-0.0717602304977194, 0.030249862259127624, 0.021643582113360413, -0.3201233045544541, 0.011538308060483393, -1.5542739683577995], "timestamp": 1677640305.563582}, "19824535_right": {"extrinsics": [-0.07209363797258528, -0.03281813906864135, 0.017998755195879203, -0.32436696405490206, 0.009836032172402032, -1.5537792796597742], "timestamp": 1677640307.1347077}, "29838012_left": {"extrinsics": [0.48053273182223366, 0.5299654036057586, 0.245660085619809, -1.7616685685460647, -0.062440740186523014, -2.8936810407747586], "timestamp": 1677644648.9452915}, "29838012_right": {"extrinsics": [0.3641555537882152, 0.5006484976427618, 0.25361832494780456, -1.7581883435321213, -0.05917235893410688, -2.8914558088258975], "timestamp": 1677644651.0903218}, "23404442_left": {"extrinsics": [0.27212356897748596, -0.5628994740676119, 0.578296048242444, -2.049162252569442, -0.008677350714102472, -0.4644689436266725], "timestamp": 1677645446.151356}, "23404442_right": {"extrinsics": [0.38193119566889644, -0.6156794427147317, 0.5789577989139892, -2.048677647928307, -0.01110392356986023, -0.46396051060922266], "timestamp": 1677645447.989981}, "23748752_left": {"extrinsics": [0.3780020633881794, 0.5250612606937359, 0.49919914246512953, -2.398666693364708, 0.25353815991549444, -2.1224109808781964], "timestamp": 1680289879.016078}, "23748752_right": {"extrinsics": [0.31983559961905367, 0.42790036034003753, 0.46915217192720793, -2.3961922114416994, 0.25334828636124973, -2.120668521229183], "timestamp": 1680289881.1336274}, "14436910_left": {"extrinsics": [-0.078897887371197, 0.03085165396503867, 0.018675283951372457, -0.31780587508351393, -0.010403458243132935, -1.5626415295149674], "timestamp": 1680290675.504063}, "14436910_right": {"extrinsics": [-0.0780005523057329, -0.03117602292655163, 0.022046025999583656, -0.31558305037111095, -0.011018474340334983, -1.5646779711861631], "timestamp": 1680290678.201517}, "27085680_left": {"intrinsics": [[528.1298217773438, 0.0, 636.7890014648438], [0.0, 528.1298217773438, 372.2545166015625], [0.0, 0.0, 1.0]], "extrinsics": [0.10246031441049172, -0.461450093767978, 0.5256188065468216, -2.0627311131791277, -0.04617347443448683, -0.778444112189433], "timestamp": 1742946016.8451667}, "27085680_right": {"intrinsics": [[528.1298217773438, 0.0, 636.7890014648438], [0.0, 528.1298217773438, 372.2545166015625], [0.0, 0.0, 1.0]], "extrinsics": [0.18677781867126145, -0.5480436748664411, 0.5296782416971575, -2.067283619342483, -0.048736577737976905, -0.7758130404053776], "timestamp": 1742946019.1567528}, "25455306_left": {"intrinsics": [[527.5393676757812, 0.0, 646.4635620117188], [0.0, 527.5393676757812, 353.0378112792969], [0.0, 0.0, 1.0]], "extrinsics": [0.11969130113950938, 0.4352543015280804, 0.4631206277225518, -2.1385044050458464, -0.0025866120010460403, -2.190754773348457], "timestamp": 1743045233.7544272}, "25455306_right": {"intrinsics": [[527.5393676757812, 0.0, 646.4635620117188], [0.0, 527.5393676757812, 353.0378112792969], [0.0, 0.0, 1.0]], "extrinsics": [0.05252693336730471, 0.34524907800484117, 0.46300870317444975, -2.133099398597868, -0.005951358647925398, -2.1951314024046287], "timestamp": 1743045236.2770185}, "26368109_left": {"extrinsics": [0.09153819431911293, -0.01455634604254126, 0.2287419968377015, -1.5253417996893945, 0.019538164296171168, -1.55553965929186], "timestamp": 1736398055.9250493}, "26368109_right": {"extrinsics": [0.09789996375623203, -0.13329421969023852, 0.22587465551931768, -1.5198245506498316, 0.014226541203551601, -1.5572724671469922], "timestamp": 1736398058.0738437}}