{"26405488_left": {"pose": [0.1113325872574514, 0.8207481722451926, 0.04550905451430457, -1.64633974845365, -0.17857016318886476, -2.937663676632542], "timestamp": 1673597556.0704472}, "26405488_right": {"pose": [-0.009417838799177, 0.7972668750161092, 0.0693151223699266, -1.6473025257925253, -0.18917295438381165, -2.942218897492042], "timestamp": 1673597557.3687217}, "19824535_left": {"pose": [-0.0717602304977194, 0.030249862259127624, 0.021643582113360413, -0.3201233045544541, 0.011538308060483393, -1.5542739683577995], "timestamp": 1677640305.563582}, "19824535_right": {"pose": [-0.07209363797258528, -0.03281813906864135, 0.017998755195879203, -0.32436696405490206, 0.009836032172402032, -1.5537792796597742], "timestamp": 1677640307.1347077}, "29838012_left": {"pose": [0.48053273182223366, 0.5299654036057586, 0.245660085619809, -1.7616685685460647, -0.062440740186523014, -2.8936810407747586], "timestamp": 1677644648.9452915}, "29838012_right": {"pose": [0.3641555537882152, 0.5006484976427618, 0.25361832494780456, -1.7581883435321213, -0.05917235893410688, -2.8914558088258975], "timestamp": 1677644651.0903218}, "23404442_left": {"pose": [0.27212356897748596, -0.5628994740676119, 0.578296048242444, -2.049162252569442, -0.008677350714102472, -0.4644689436266725], "timestamp": 1677645446.151356}, "23404442_right": {"pose": [0.38193119566889644, -0.6156794427147317, 0.5789577989139892, -2.048677647928307, -0.01110392356986023, -0.46396051060922266], "timestamp": 1677645447.989981}, "23748752_left": {"pose": [0.3780020633881794, 0.5250612606937359, 0.49919914246512953, -2.398666693364708, 0.25353815991549444, -2.1224109808781964], "timestamp": 1680289879.016078}, "23748752_right": {"pose": [0.31983559961905367, 0.42790036034003753, 0.46915217192720793, -2.3961922114416994, 0.25334828636124973, -2.120668521229183], "timestamp": 1680289881.1336274}, "14436910_left": {"pose": [-0.078897887371197, 0.03085165396503867, 0.018675283951372457, -0.31780587508351393, -0.010403458243132935, -1.5626415295149674], "timestamp": 1680290675.504063}, "14436910_right": {"pose": [-0.0780005523057329, -0.03117602292655163, 0.022046025999583656, -0.31558305037111095, -0.011018474340334983, -1.5646779711861631], "timestamp": 1680290678.201517}, "27085680_left": {"pose": [0.19463487371643062, -0.41922431263047616, 0.4806329993717216, -1.7970900707549466, -0.07133011186333804, -0.8705452003572072], "timestamp": 1732738266.8995328}, "27085680_right": {"pose": [0.27306254634453186, -0.5134068351223616, 0.49268956636457145, -1.8030512206985096, -0.06787174116857875, -0.8691632177651358], "timestamp": 1732738268.397494}}